type_var,year,typeTotal
Bottom otter trawls,2009,37143.4002237541
Bottom otter trawls,2010,31610.3853198698
Bottom otter trawls,2011,27842.5081046661
Bottom otter trawls,2012,19571.5220445962
Bottom otter trawls,2013,31110.8952961211
Bottom otter trawls,2014,23056.970039958
Bottom otter trawls,2015,6518.2851220356
Bottom otter trawls,2016,5796.45564699145
Bottom otter trawls,2017,6325.56352536097
Bottom otter trawls,2018,12113.4700109861
Bottom otter trawls,2019,0.254014434130923
Pelagic trawls and seines,2009,486.422925669614
Pelagic trawls and seines,2010,784.717812278928
Pelagic trawls and seines,2011,823.013789996913
Pelagic trawls and seines,2012,632.217777826855
Pelagic trawls and seines,2013,626.620729127107
Pelagic trawls and seines,2014,813.683691141062
Pelagic trawls and seines,2015,723.572414301482
Pelagic trawls and seines,2016,696.34707623464
Pelagic trawls and seines,2017,726.069390605116
Pelagic trawls and seines,2018,760.628565995815
Static gears,2009,33503.4952795821
Static gears,2010,32156.3965229873
Static gears,2011,27799.1164226488
Static gears,2012,19886.0577663837
Static gears,2013,39149.650726219
Static gears,2014,44879.9430050083
Static gears,2015,13151.7600726761
Static gears,2016,12047.8052778875
Static gears,2017,13282.2021821449
Static gears,2018,28293.0512136124
Static gears,2019,0.1223675
other,2009,27.857042246861
other,2010,31.5078140166739
other,2011,39.8576452458708
other,2012,45.2719322493662
other,2013,38.5964526357782
other,2014,35.8390990989931
other,2015,38.9417206342167
other,2016,39.1696394528139
other,2017,31.9546864938571
other,2018,31.4965352180279
other,2019,0.05823806
